Length,Diameter,Height,Whole,Viscera,Shellweight,Rings
0.745,0.585,0.215,2.499,0.472,0.7,17
0.74,0.6,0.195,1.974,0.4085,0.71,16
0.735,0.59,0.225,1.756,0.3405,0.58,21
0.73,0.595,0.23,2.8255,0.419,0.897,17
0.725,0.56,0.21,2.141,0.398,1.005,18
0.725,0.57,0.19,2.55,0.483,0.725,14
0.725,0.575,0.175,2.124,0.4515,0.85,20
0.725,0.565,0.215,1.891,0.4725,0.58,16
0.71,0.54,0.165,1.959,0.261,0.78,18
0.705,0.55,0.2,1.7095,0.4115,0.49,13
0.705,0.56,0.22,1.981,0.3085,0.76,14
0.7,0.535,0.16,1.7255,0.2635,0.54,19
0.7,0.58,0.205,2.13,0.49,0.58,20
0.7,0.575,0.17,1.31,0.314,0.42,14
0.7,0.585,0.185,1.8075,0.3215,0.475,29
0.695,0.56,0.19,1.494,0.3425,0.485,15
0.695,0.55,0.215,1.9565,0.541,0.59,14
0.695,0.515,0.175,1.5165,0.4105,0.39,15
0.695,0.56,0.22,1.834,0.422,0.455,11
0.69,0.56,0.215,1.719,0.299,0.47,17
0.685,0.545,0.18,1.768,0.392,0.485,16
0.685,0.52,0.15,1.343,0.292,0.4,13
0.685,0.54,0.16,1.6675,0.3775,0.475,11
0.68,0.56,0.165,1.639,0.2805,0.46,15
0.68,0.55,0.175,1.798,0.3925,0.455,19
0.68,0.57,0.205,1.842,0.408,0.65,20
0.68,0.515,0.175,1.6185,0.409,0.62,12
0.68,0.58,0.2,1.787,0.453,0.6,19
0.68,0.55,0.21,1.7445,0.305,0.625,17
0.68,0.53,0.185,1.1095,0.245,0.34,10
0.68,0.56,0.195,1.7775,0.322,0.415,11
0.675,0.525,0.185,1.587,0.336,0.395,13
0.675,0.545,0.195,1.7345,0.3695,0.605,20
0.675,0.535,0.16,1.41,0.3175,0.42,16
0.675,0.555,0.2,1.4385,0.2665,0.465,21
0.675,0.525,0.17,1.8095,0.391,0.455,12
0.675,0.525,0.155,1.4785,0.3405,0.42,9
0.67,0.54,0.165,1.5015,0.358,0.505,14
0.67,0.55,0.19,1.3905,0.3035,0.4,12
0.67,0.585,0.16,1.309,0.2945,0.413,10
0.665,0.525,0.165,1.338,0.3575,0.35,18
0.665,0.535,0.195,1.606,0.388,0.48,14
0.665,0.555,0.195,1.4385,0.354,0.36,17
0.665,0.54,0.175,1.347,0.254,0.415,17
0.66,0.53,0.185,1.3485,0.245,0.49,12
0.66,0.565,0.195,1.7605,0.3265,0.5,16
0.66,0.545,0.185,1.32,0.2635,0.455,16
0.66,0.5,0.165,1.1905,0.298,0.37,12
0.66,0.53,0.17,1.326,0.2625,0.44,13
0.66,0.52,0.18,1.514,0.2975,0.42,19
0.66,0.52,0.2,1.676,0.4805,0.45,17
0.66,0.53,0.17,1.3905,0.212,0.453,15
0.66,0.52,0.19,1.558,0.298,0.4,10
0.655,0.54,0.215,1.844,0.327,0.585,22
0.655,0.53,0.195,1.388,0.2735,0.41,13
0.655,0.51,0.155,1.2895,0.2855,0.41,11
0.655,0.53,0.175,1.2635,0.2635,0.415,15
0.655,0.52,0.165,1.4095,0.291,0.405,9
0.655,0.58,0.205,2.0805,0.3415,0.601,17
0.65,0.52,0.19,1.3445,0.306,0.4465,16
0.65,0.545,0.23,1.752,0.2895,0.815,16
0.65,0.525,0.175,1.4225,0.2995,0.445,20
0.65,0.545,0.165,1.566,0.3455,0.415,16
0.65,0.515,0.16,1.1625,0.203,0.33,17
0.65,0.525,0.18,1.626,0.3445,0.53,18
0.65,0.515,0.175,1.4805,0.272,0.525,20
0.65,0.525,0.175,1.4715,0.315,0.399,11
0.645,0.485,0.215,1.514,0.2615,0.635,16
0.645,0.51,0.2,1.5675,0.367,0.46,12
0.645,0.515,0.24,1.5415,0.369,0.535,13
0.645,0.525,0.19,1.8085,0.3885,0.395,18
0.645,0.55,0.175,1.2915,0.3045,0.33,14
0.645,0.525,0.19,1.4635,0.3435,0.435,19
0.64,0.51,0.175,1.368,0.266,0.57,21
0.64,0.5,0.185,1.3035,0.2635,0.465,16
0.64,0.525,0.215,1.779,0.2855,0.55,22
0.64,0.54,0.175,1.221,0.259,0.39,15
0.64,0.52,0.175,1.248,0.2595,0.48,12
0.64,0.51,0.19,1.613,0.361,0.47,14
0.64,0.51,0.165,1.486,0.332,0.321,8
0.635,0.515,0.19,1.3715,0.305,0.45,10
0.635,0.505,0.17,1.415,0.297,0.365,15
0.635,0.525,0.205,1.484,0.3115,0.43,20
0.635,0.535,0.19,1.242,0.2475,0.39,14
0.635,0.515,0.17,1.275,0.286,0.34,16
0.635,0.51,0.17,1.3555,0.305,0.39,9
0.635,0.5,0.15,1.376,0.361,0.31,10
0.635,0.485,0.165,1.2945,0.2605,0.2715,9
0.63,0.48,0.15,1.0525,0.336,0.285,12
0.63,0.5,0.185,1.383,0.3315,0.38,10
0.63,0.48,0.16,1.199,0.335,0.315,11
0.63,0.505,0.225,1.525,0.3335,0.45,15
0.63,0.515,0.155,1.259,0.197,0.41,13
0.63,0.485,0.19,1.2435,0.3055,0.39,21
0.63,0.485,0.175,1.3,0.2945,0.46,23
0.63,0.515,0.16,1.016,0.244,0.355,19
0.63,0.49,0.18,1.13,0.2765,0.315,12
0.63,0.49,0.19,1.1775,0.3365,0.285,11
0.63,0.5,0.17,1.3135,0.267,0.4,20
0.63,0.515,0.165,1.352,0.349,0.45,20
0.63,0.5,0.155,1.005,0.199,0.36,16
0.63,0.48,0.175,1.3675,0.3035,0.515,17
0.63,0.505,0.165,1.26,0.2755,0.406,14
0.625,0.465,0.14,1.195,0.205,0.4,13
0.625,0.495,0.165,1.262,0.318,0.39,10
0.625,0.505,0.215,1.4455,0.287,0.435,22
0.625,0.515,0.15,1.2415,0.3065,0.36,15
0.625,0.5,0.195,1.369,0.2185,0.37,17
0.625,0.5,0.15,0.953,0.2235,0.305,15
0.625,0.485,0.19,1.1745,0.2305,0.42,17
0.625,0.49,0.175,1.233,0.247,0.365,11
0.625,0.49,0.155,1.2085,0.162,0.411,11
0.625,0.49,0.2,1.3825,0.285,0.381,11
0.62,0.51,0.175,1.615,0.192,0.675,12
0.62,0.475,0.175,1.0165,0.214,0.325,10
0.62,0.49,0.19,1.218,0.2965,0.355,13
0.62,0.485,0.205,1.219,0.2505,0.385,14
0.62,0.47,0.2,1.2255,0.27,0.435,23
0.62,0.465,0.19,1.3415,0.3175,0.355,11
0.62,0.475,0.185,1.325,0.325,0.33,13
0.62,0.51,0.205,1.3475,0.2565,0.48,14
0.62,0.465,0.185,1.274,0.3065,0.32,12
0.62,0.5,0.175,1.186,0.3015,0.35,12
0.62,0.47,0.14,1.0325,0.224,0.36,15
0.62,0.52,0.225,1.1835,0.27,0.395,23
0.62,0.47,0.225,1.115,0.2145,0.36,15
0.62,0.485,0.18,1.1785,0.2655,0.39,13
0.62,0.505,0.185,1.5275,0.368,0.35,13
0.62,0.505,0.16,1.3725,0.275,0.3685,11
0.62,0.5,0.165,1.307,0.2545,0.315,9
0.615,0.48,0.165,1.1615,0.301,0.305,10
0.615,0.475,0.17,1.1025,0.2355,0.345,10
0.615,0.48,0.18,1.1595,0.2165,0.325,13
0.615,0.525,0.155,1.0385,0.2315,0.345,11
0.615,0.49,0.155,0.9885,0.195,0.345,13
0.615,0.515,0.17,1.14,0.2245,0.42,16
0.615,0.525,0.155,1.1375,0.236,0.37,20
0.615,0.5,0.175,1.377,0.33,0.292,12
0.615,0.52,0.15,1.3435,0.2605,0.345,10
0.615,0.51,0.15,1.296,0.3315,0.32,9
0.615,0.505,0.165,1.34,0.2815,0.41,12
0.61,0.485,0.175,1.2445,0.297,0.345,12
0.61,0.485,0.17,1.0225,0.2405,0.36,12
0.61,0.5,0.24,1.642,0.3345,0.69,18
0.61,0.475,0.165,1.116,0.2205,0.315,15
0.61,0.48,0.15,1.2,0.2455,0.28,14
0.61,0.495,0.185,1.153,0.2905,0.245,8
0.61,0.495,0.185,1.1085,0.3135,0.33,12
0.61,0.485,0.165,1.0915,0.2435,0.33,18
0.61,0.475,0.15,0.9665,0.2,0.345,10
0.61,0.475,0.14,1.133,0.2355,0.35,11
0.61,0.47,0.145,1.153,0.296,0.32,14
0.605,0.475,0.18,0.9365,0.219,0.295,15
0.605,0.45,0.195,1.098,0.2895,0.315,13
0.605,0.47,0.16,1.1735,0.2405,0.345,12
0.605,0.5,0.185,1.1185,0.2585,0.335,9
0.605,0.485,0.16,1.0565,0.2355,0.355,10
0.605,0.465,0.165,1.056,0.2475,0.34,13
0.605,0.485,0.16,1.222,0.2575,0.28,-1300
0.605,0.49,0.18,1.227,0.287,0.35,18
0.605,0.47,0.18,1.1405,0.2805,0.385,15
0.605,0.495,0.17,1.2385,0.2465,0.39,14
0.605,0.5,0.175,1.098,0.232,0.375,12
0.605,0.485,0.165,1.0105,0.209,0.3,19
0.605,0.47,0.14,0.939,0.201,0.32,13
0.605,0.495,0.145,1.054,0.2255,0.36,12
0.605,0.46,0.17,1.122,0.3045,0.315,13
0.605,0.495,0.19,1.437,0.2655,0.41,15
0.605,0.475,0.175,1.382,0.2325,0.3985,10
0.605,0.455,0.16,1.1035,0.3015,0.325,9
0.6,0.475,0.15,1.0075,0.221,0.28,15
0.6,0.47,0.15,0.922,0.194,0.305,10
0.6,0.495,0.165,1.2415,0.2775,0.34,15
0.6,0.495,0.195,1.0575,0.19,0.375,26
0.6,0.475,0.19,1.0875,0.2655,0.325,14
0.6,0.48,0.15,1.029,0.2705,0.295,16
0.6,0.5,0.16,1.015,0.1735,0.33,19
0.6,0.47,0.155,1.036,0.196,0.325,20
0.6,0.505,0.19,1.129,0.256,0.36,13
0.6,0.47,0.175,1.105,0.247,0.315,15
0.6,0.465,0.165,0.8875,0.246,0.262,12
0.6,0.475,0.175,1.3445,0.2875,0.36,11
0.6,0.475,0.155,1.21,0.1695,0.3205,10
0.6,0.495,0.175,1.29,0.276,0.3445,11
0.595,0.495,0.185,1.285,0.224,0.485,13
0.595,0.475,0.17,1.247,0.225,0.425,20
0.595,0.475,0.14,0.944,0.189,0.315,9
0.595,0.475,0.16,1.3175,0.234,0.58,21
0.595,0.465,0.175,1.115,0.254,0.39,13
0.595,0.48,0.165,1.262,0.283,0.41,17
0.595,0.455,0.155,1.0605,0.2165,0.3,12
0.595,0.455,0.195,1.3305,0.3235,0.345,19
0.595,0.48,0.15,1.11,0.228,0.33,10
0.595,0.48,0.16,1.2095,0.296,0.32,8
0.595,0.475,0.16,1.1405,0.231,0.271,6
0.595,0.465,0.14,1.113,0.244,0.305,12
0.595,0.47,0.155,1.121,0.178,0.155,11
0.59,0.445,0.14,0.931,0.234,0.28,12
0.59,0.475,0.145,1.053,0.262,0.325,15
0.59,0.47,0.18,1.1235,0.2805,0.36,13
0.59,0.475,0.16,1.1015,0.2555,0.295,13
0.59,0.5,0.2,1.187,0.2705,0.37,16
0.59,0.45,0.185,1.283,0.276,0.425,16
0.59,0.465,0.15,0.997,0.246,0.34,12
0.59,0.485,0.12,0.911,0.182,0.29,16
0.59,0.5,0.165,1.1045,0.2425,0.34,15
0.59,0.455,0.145,1.073,0.19,0.285,14
0.59,0.455,0.155,1.066,0.2275,0.415,20
0.59,0.45,0.16,0.9,0.156,0.315,19
0.59,0.44,0.15,0.9555,0.2425,0.295,11
0.59,0.445,0.13,1.1325,0.234,0.32,13
0.59,0.475,0.165,1.077,0.244,0.3095,9
0.59,0.46,0.13,1.102,0.2055,0.33,12
0.59,0.465,0.155,1.136,0.2615,0.275,11
0.59,0.47,0.16,1.206,0.2425,0.309,8
0.59,0.455,0.145,1.063,0.2445,0.25,8
0.585,0.46,0.17,0.9325,0.271,0.29,9
0.585,0.46,0.185,0.922,0.213,0.285,10
0.585,0.45,0.17,0.8685,0.1635,0.27,22
0.585,0.45,0.16,1.077,0.2875,0.25,10
0.585,0.455,0.15,0.987,0.2075,0.31,11
0.585,0.475,0.12,0.945,0.2115,0.28,14
0.585,0.465,0.17,0.9915,0.224,0.265,12
0.585,0.465,0.14,0.908,0.1615,0.315,13
0.585,0.455,0.225,1.055,0.221,0.365,15
0.585,0.435,0.175,0.982,0.2495,0.27,10
0.585,0.475,0.185,0.9585,0.1615,0.33,11
0.585,0.405,0.15,1.2565,0.202,0.325,15
0.58,0.45,0.185,0.9955,0.272,0.285,11
0.58,0.47,0.165,0.9975,0.242,0.33,10
0.58,0.45,0.14,1.013,0.216,0.36,14
0.58,0.455,0.17,0.9075,0.2135,0.285,13
0.58,0.475,0.15,0.97,0.2165,0.35,11
0.58,0.45,0.15,0.927,0.1815,0.36,14
0.58,0.465,0.165,1.1015,0.2095,0.35,11
0.58,0.455,0.155,0.8365,0.1385,0.32,18
0.58,0.455,0.17,0.93,0.259,0.22,9
0.58,0.465,0.145,0.887,0.1655,0.265,11
0.58,0.455,0.12,1.0735,0.2735,0.265,10
0.58,0.46,0.12,0.9935,0.2385,0.28,11
0.58,0.45,0.175,1.068,0.203,0.32,13
0.58,0.46,0.15,0.9955,0.212,0.26,19
0.58,0.46,0.13,0.921,0.181,0.29,13
0.58,0.44,0.18,0.854,0.1635,0.245,12
0.58,0.445,0.15,0.8865,0.209,0.255,11
0.58,0.49,0.195,1.3165,0.254,0.41,18
0.58,0.455,0.165,1.1365,0.3005,0.275,13
0.58,0.465,0.16,1.0345,0.26,0.3635,12
0.58,0.46,0.15,1.1155,0.2255,0.29,7
0.58,0.455,0.15,1.012,0.2115,0.2835,10
0.58,0.45,0.145,1.137,0.22,0.29,8
0.58,0.49,0.13,1.1335,0.2565,0.237,9
0.575,0.425,0.14,0.8635,0.227,0.2,11
0.575,0.445,0.135,0.883,0.2035,0.26,11
0.575,0.445,0.14,0.941,0.252,0.285,9
0.575,0.45,0.16,0.9775,0.231,0.33,12
0.575,0.46,0.19,0.994,0.2425,0.34,13
0.575,0.46,0.165,1.124,0.1785,0.44,13
0.575,0.46,0.185,1.094,0.217,0.345,15
0.575,0.455,0.145,1.165,0.2275,0.3,13
0.575,0.45,0.17,1.0475,0.1705,0.385,18
0.575,0.47,0.14,0.8375,0.1735,0.24,11
0.575,0.4,0.155,0.9325,0.2445,0.3,17
0.575,0.455,0.18,0.8525,0.1825,0.3,13
0.575,0.45,0.165,0.9215,0.225,0.256,12
0.575,0.465,0.14,0.958,0.1815,0.2705,9
0.575,0.475,0.16,1.114,0.2745,0.29,9
0.575,0.46,0.16,1.103,0.221,0.249,9
0.57,0.48,0.175,1.185,0.261,0.38,11
0.57,0.465,0.18,1.295,0.2225,0.44,12
0.57,0.48,0.18,0.9395,0.2,0.295,14
0.57,0.44,0.125,0.865,0.1725,0.27,12
0.57,0.435,0.145,0.9055,0.2355,0.275,10
0.57,0.46,0.14,0.9535,0.2065,0.245,12
0.57,0.44,0.095,0.827,0.2215,0.235,8
0.57,0.45,0.175,0.9555,0.1665,0.295,18
0.57,0.465,0.125,0.849,0.1765,0.24,15
0.57,0.455,0.165,1.0595,0.2195,0.285,14
0.57,0.445,0.155,0.733,0.159,0.235,14
0.57,0.45,0.16,0.9715,0.255,0.26,12
0.57,0.44,0.14,0.9535,0.201,0.305,17
0.57,0.44,0.155,1.116,0.2315,0.27,13
0.57,0.43,0.12,1.0615,0.167,0.31,15
0.57,0.465,0.16,0.8935,0.2575,0.263,10
0.57,0.455,0.15,0.952,0.2155,0.2745,9
0.57,0.435,0.13,0.7535,0.1755,0.194,10
0.57,0.45,0.155,1.195,0.2565,0.295,10
0.57,0.45,0.155,1.1935,0.21,0.343,10
0.57,0.455,0.15,1.107,0.255,0.27,8
0.57,0.445,0.14,1.0635,0.2195,0.24,8
0.57,0.46,0.17,0.9035,0.1935,0.214,7
0.565,0.44,0.155,0.9395,0.214,0.27,12
0.565,0.44,0.16,0.915,0.1935,0.32,12
0.565,0.425,0.135,0.8115,0.1675,0.255,15
0.565,0.445,0.155,0.826,0.2055,0.2475,10
0.565,0.45,0.135,0.9885,0.1495,0.31,12
0.565,0.44,0.175,0.9025,0.193,0.325,14
0.565,0.425,0.16,0.9425,0.2185,0.275,17
0.565,0.505,0.21,1.2765,0.279,0.355,12
0.565,0.455,0.175,1.013,0.207,0.35,19
0.565,0.45,0.195,1.0035,0.2505,0.285,15
0.565,0.465,0.175,0.995,0.183,0.37,15
0.565,0.455,0.17,0.9065,0.156,0.32,18
0.565,0.435,0.185,0.9815,0.136,0.39,13
0.565,0.455,0.185,0.9265,0.1575,0.375,16
0.565,0.455,0.15,0.8205,0.159,0.26,18
0.565,0.49,0.155,0.9245,0.2195,0.255,11
0.565,0.45,0.16,0.795,0.1555,0.23,12
0.565,0.44,0.185,0.909,0.2325,0.255,15
0.565,0.45,0.155,1.0595,0.24,0.265,10
0.565,0.4,0.13,0.6975,0.1665,0.18,8
0.56,0.44,0.14,0.9285,0.188,0.3,11
0.56,0.44,0.16,0.8645,0.2075,0.26,10
0.56,0.43,0.15,0.8825,0.172,0.31,9
0.56,0.455,0.155,0.797,0.19,0.2425,11
0.56,0.45,0.16,1.0235,0.268,0.3,10
0.56,0.45,0.16,0.922,0.178,0.26,15
0.56,0.45,0.175,1.011,0.2065,0.37,15
0.56,0.45,0.185,1.07,0.175,0.41,19
0.56,0.44,0.14,0.971,0.2045,0.265,14
0.56,0.455,0.125,0.943,0.129,0.375,21
0.56,0.455,0.19,0.714,0.129,0.275,9
0.56,0.46,0.235,0.8395,0.157,0.305,12
0.56,0.445,0.155,0.8735,0.209,0.275,16
0.56,0.44,0.165,0.8,0.1735,0.25,12
0.56,0.425,0.14,0.9175,0.1975,0.26,10
0.56,0.445,0.195,0.981,0.2245,0.335,16
0.56,0.41,0.165,0.93,0.237,0.3,13
0.56,0.455,0.16,0.967,0.207,0.274,9
0.555,0.425,0.13,0.7665,0.168,0.275,13
0.555,0.425,0.14,0.788,0.1595,0.285,11
0.555,0.44,0.15,0.755,0.1525,0.26,12
0.555,0.445,0.135,0.836,0.1625,0.275,13
0.555,0.45,0.145,0.915,0.246,0.285,11
0.555,0.45,0.175,0.874,0.202,0.305,10
0.555,0.425,0.18,0.875,0.2005,0.255,11
0.555,0.435,0.165,0.97,0.2315,0.295,17
0.555,0.455,0.16,1.0575,0.228,0.293,13
0.555,0.44,0.15,1.092,0.212,0.4405,15
0.555,0.435,0.145,0.9685,0.168,0.2385,9
0.55,0.44,0.15,0.8945,0.151,0.32,19
0.55,0.415,0.135,0.7635,0.21,0.2,9
0.55,0.425,0.135,0.8515,0.196,0.27,14
0.55,0.435,0.145,0.843,0.1915,0.255,15
0.55,0.45,0.145,0.741,0.1435,0.2665,10
0.55,0.405,0.14,0.8025,0.1635,0.255,10
0.55,0.41,0.125,0.7605,0.1635,0.195,14
0.55,0.45,0.13,0.92,0.2385,0.29,11
0.55,0.425,0.15,0.806,0.171,0.245,14
0.55,0.41,0.145,0.8285,0.1905,0.25,13
0.55,0.43,0.14,0.7135,0.186,0.225,9
0.55,0.425,0.155,0.9175,0.243,0.335,13
0.55,0.44,0.155,0.946,0.1825,0.335,16
0.55,0.43,0.155,0.785,0.227,0.233,11
0.55,0.415,0.175,1.042,0.2325,0.2905,15
0.55,0.43,0.125,0.923,0.175,0.283,8
0.55,0.45,0.15,1.0145,0.2015,0.2875,10
0.55,0.45,0.15,0.875,0.1755,0.2765,10
0.55,0.445,0.155,0.9905,0.178,0.218,9
0.55,0.43,0.14,0.8105,0.161,0.275,9
0.545,0.43,0.165,0.802,0.183,0.28,11
0.545,0.41,0.125,0.6935,0.146,0.21,11
0.545,0.46,0.16,0.8975,0.1655,0.345,10
0.545,0.425,0.135,0.8445,0.21,0.235,10
0.545,0.44,0.12,0.8565,0.1715,0.24,12
0.545,0.41,0.14,0.625,0.16,0.235,13
0.545,0.42,0.14,0.7505,0.13,0.255,22
0.545,0.415,0.16,0.7715,0.1455,0.2765,10
0.545,0.415,0.15,0.7335,0.163,0.2185,11
0.545,0.42,0.13,0.879,0.1695,0.23,13
0.545,0.45,0.15,0.978,0.1905,0.3,11
0.545,0.44,0.135,0.9185,0.2015,0.2375,10
0.54,0.475,0.155,1.217,0.3075,0.34,16
0.54,0.475,0.155,0.928,0.194,0.26,11
0.54,0.435,0.18,0.996,0.226,0.325,17
0.54,0.435,0.175,0.892,0.174,0.335,13
0.54,0.42,0.155,0.7385,0.152,0.215,12
0.54,0.42,0.135,0.8075,0.1795,0.235,11
0.54,0.415,0.145,0.74,0.168,0.245,12
0.54,0.44,0.135,0.959,0.221,0.3,17
0.54,0.405,0.125,0.891,0.1915,0.202,9
0.54,0.42,0.14,0.805,0.1725,0.21,11
0.535,0.405,0.145,0.6845,0.171,0.205,10
0.535,0.435,0.15,0.725,0.1385,0.25,9
0.535,0.415,0.185,0.8415,0.1585,0.3,15
0.535,0.415,0.17,0.879,0.1965,0.285,10
0.535,0.435,0.16,0.8105,0.1795,0.24,10
0.535,0.42,0.145,0.791,0.189,0.25,10
0.535,0.44,0.15,0.6765,0.139,0.26,12
0.535,0.42,0.15,0.6995,0.153,0.24,12
0.535,0.42,0.145,0.926,0.1965,0.25,17
0.535,0.45,0.17,0.781,0.1555,0.295,11
0.535,0.405,0.185,0.8345,0.1725,0.29,16
0.535,0.4,0.15,0.8045,0.2125,0.21,13
0.535,0.405,0.125,0.927,0.1425,0.345,16
0.535,0.41,0.135,0.862,0.1525,0.32,14
0.535,0.42,0.15,0.7365,0.186,0.215,14
0.535,0.42,0.13,0.8055,0.181,0.28,14
0.535,0.4,0.135,0.8215,0.196,0.205,8
0.535,0.43,0.14,0.7165,0.1595,0.2155,8
0.535,0.435,0.14,0.874,0.229,0.2195,8
0.53,0.42,0.135,0.677,0.1415,0.21,9
0.53,0.415,0.15,0.7775,0.1415,0.33,20
0.53,0.41,0.13,0.6965,0.1935,0.2,10
0.53,0.435,0.16,0.883,0.164,0.335,15
0.53,0.415,0.14,0.724,0.1675,0.205,10
0.53,0.415,0.115,0.5915,0.1585,0.18,11
0.53,0.395,0.145,0.775,0.169,0.255,7
0.53,0.435,0.17,0.8155,0.155,0.275,13
0.53,0.415,0.16,0.783,0.158,0.245,15
0.53,0.42,0.165,0.8945,0.239,0.245,11
0.53,0.435,0.155,0.699,0.1595,0.205,10
0.53,0.44,0.135,0.7835,0.1715,0.2185,9
0.53,0.415,0.175,0.7395,0.1395,0.2645,17
0.53,0.42,0.185,0.752,0.156,0.205,20
0.53,0.415,0.145,0.944,0.185,0.265,21
0.53,0.41,0.165,0.8115,0.169,0.24,19
0.53,0.44,0.205,0.835,0.2175,0.245,14
0.53,0.415,0.13,0.8425,0.1945,0.265,20
0.53,0.425,0.17,0.949,0.2395,0.278,17
0.53,0.455,0.165,0.9805,0.2815,0.2965,11
0.53,0.41,0.165,0.732,0.17,0.31,11
0.53,0.41,0.155,0.7155,0.1685,0.214,11
0.53,0.425,0.13,0.7585,0.197,0.205,8
0.53,0.425,0.15,0.8495,0.232,0.202,8
0.53,0.405,0.125,0.6515,0.1605,0.186,7
0.525,0.38,0.14,0.6065,0.1475,0.21,14
0.525,0.425,0.16,0.8355,0.2135,0.245,9
0.525,0.435,0.155,1.065,0.233,0.285,8
0.525,0.415,0.17,0.8325,0.1685,0.31,13
0.525,0.42,0.16,0.756,0.173,0.275,9
0.525,0.44,0.15,0.8425,0.1985,0.24,12
0.525,0.41,0.135,0.7085,0.1525,0.235,11
0.525,0.405,0.15,0.795,0.205,0.255,14
0.525,0.41,0.175,0.874,0.207,0.205,18
0.525,0.405,0.16,0.658,0.1125,0.225,12
0.525,0.4,0.17,0.7305,0.2055,0.195,11
0.525,0.41,0.13,0.99,0.243,0.295,15
0.525,0.4,0.13,0.8295,0.1825,0.275,11
0.525,0.425,0.12,0.8665,0.176,0.29,18
0.525,0.395,0.13,0.7635,0.1425,0.225,8
0.525,0.415,0.14,0.724,0.173,0.175,8
0.525,0.4,0.14,0.7325,0.1575,0.17,11
0.52,0.41,0.12,0.595,0.111,0.19,8
0.52,0.4,0.12,0.58,0.1315,0.185,8
0.52,0.425,0.165,0.9885,0.225,0.32,16
0.52,0.41,0.155,0.727,0.1835,0.235,12
0.52,0.405,0.115,0.776,0.1845,0.22,8
0.52,0.45,0.15,0.895,0.186,0.235,14
0.52,0.405,0.12,0.627,0.1415,0.181,11
0.52,0.405,0.14,0.5775,0.145,0.179,11
0.52,0.4,0.145,0.66,0.1055,0.22,13
0.52,0.425,0.17,0.6805,0.174,0.195,10
0.52,0.395,0.18,0.64,0.11,0.245,22
0.52,0.4,0.12,0.6515,0.2015,0.165,15
0.52,0.4,0.12,0.823,0.1805,0.265,15
0.52,0.385,0.115,0.669,0.172,0.205,12
0.52,0.405,0.125,0.6435,0.1735,0.21,12
0.52,0.405,0.14,0.8175,0.183,0.26,17
0.52,0.385,0.14,0.6595,0.2035,0.16,9
0.52,0.42,0.16,0.745,0.157,0.2885,11
0.52,0.41,0.115,0.807,0.179,0.235,12
0.515,0.425,0.14,0.766,0.1725,0.255,14
0.515,0.405,0.13,0.722,0.131,0.21,10
0.515,0.425,0.135,0.712,0.1605,0.25,11
0.515,0.38,0.175,0.9565,0.158,0.31,14
0.515,0.455,0.135,0.7225,0.1625,0.235,9
0.515,0.415,0.14,0.6935,0.152,0.2,10
0.515,0.405,0.12,0.646,0.1405,0.177,10
0.515,0.4,0.12,0.659,0.179,0.17,13
0.515,0.435,0.145,0.8815,0.206,0.255,10
0.515,0.39,0.13,0.5755,0.13,0.1845,9
0.515,0.405,0.145,0.695,0.1635,0.234,15
0.515,0.38,0.135,0.6615,0.2095,0.155,10
0.515,0.43,0.14,0.834,0.2,0.23,8
0.515,0.39,0.155,0.7125,0.137,0.155,7
0.51,0.39,0.135,0.6335,0.179,0.2,9
0.51,0.4,0.14,0.8145,0.1965,0.195,10
0.51,0.4,0.13,0.6435,0.1665,0.205,12
0.51,0.4,0.15,0.745,0.1675,0.235,13
0.51,0.4,0.13,0.5735,0.1365,0.195,13
0.51,0.4,0.14,0.6515,0.1665,0.185,10
0.51,0.39,0.125,0.6565,0.1835,0.175,10
0.51,0.39,0.105,0.612,0.15,0.195,13
0.51,0.39,0.135,0.769,0.1455,0.19,8
0.51,0.375,0.1,0.5785,0.1225,0.175,7
0.51,0.405,0.135,0.769,0.1585,0.18,7
0.51,0.405,0.15,0.7035,0.134,0.1885,8
0.51,0.41,0.145,0.796,0.1815,0.1955,8
0.505,0.4,0.125,0.583,0.13,0.175,7
0.505,0.405,0.11,0.625,0.16,0.175,900
0.505,0.41,0.15,0.644,0.145,0.21,11
0.505,0.375,0.18,0.568,0.1495,0.17,12
0.505,0.425,0.14,0.85,0.1625,0.285,19
0.505,0.4,0.125,0.77,0.159,0.255,13
0.505,0.38,0.13,0.656,0.1785,0.22,13
0.505,0.385,0.145,0.6775,0.179,0.2,15
0.505,0.385,0.15,0.6415,0.152,0.215,12
0.505,0.39,0.16,0.644,0.2025,0.1635,9
0.505,0.405,0.14,0.875,0.174,0.285,12
0.505,0.44,0.14,0.8275,0.1855,0.239,8
0.505,0.39,0.13,0.674,0.141,0.1785,9
0.505,0.39,0.15,0.685,0.131,0.156,8
0.505,0.41,0.125,0.642,0.133,0.155,9
0.505,0.355,0.125,0.601,0.1205,0.185,8
0.5,0.4,0.13,0.6645,0.133,0.24,12
0.5,0.4,0.14,0.6615,0.1755,0.22,8
0.5,0.4,0.125,0.6675,0.1315,0.22,10
0.5,0.405,0.155,0.772,0.1535,0.245,12
0.5,0.4,0.165,0.825,0.205,0.285,13
0.5,0.4,0.145,0.63,0.1465,0.23,12
0.5,0.405,0.14,0.6155,0.1355,0.205,9
0.5,0.37,0.135,0.45,0.1055,0.155,9
0.5,0.38,0.155,0.5955,0.161,0.2,12
0.5,0.395,0.14,0.7155,0.176,0.24,10
0.5,0.41,0.15,0.662,0.137,0.22,11
0.5,0.415,0.165,0.6885,0.138,0.25,13
0.5,0.375,0.14,0.604,0.1415,0.179,15
0.5,0.385,0.15,0.6265,0.1665,0.16,10
0.5,0.385,0.115,0.6785,0.138,0.195,12
0.5,0.385,0.105,0.498,0.1095,0.17,17
0.5,0.38,0.155,0.655,0.143,0.205,17
0.5,0.375,0.115,0.5945,0.148,0.19,11
0.5,0.375,0.15,0.636,0.145,0.19,10
0.5,0.4,0.125,0.5975,0.1275,0.166,9
0.5,0.39,0.135,0.6595,0.1535,0.1565,6
0.5,0.385,0.12,0.56,0.103,0.135,8
0.5,0.385,0.135,0.6425,0.129,0.1535,7
0.5,0.4,0.125,0.6725,0.12,0.1825,7
0.495,0.395,0.125,0.5415,0.1345,0.155,9
0.495,0.4,0.155,0.6445,0.1325,0.205,17
0.495,0.39,0.125,0.6655,0.162,0.2,11
0.495,0.37,0.125,0.4775,0.0705,0.169,18
0.495,0.385,0.135,0.709,0.1375,0.262,12
0.495,0.41,0.125,0.7555,0.129,0.214,9
0.495,0.395,0.135,0.6335,0.1295,0.1495,8
0.495,0.4,0.135,0.61,0.1435,0.144,7
0.49,0.38,0.135,0.5415,0.095,0.19,11
0.49,0.375,0.135,0.6125,0.102,0.22,11
0.49,0.38,0.125,0.549,0.1075,0.174,10
0.49,0.365,0.145,0.6345,0.1625,0.22,10
0.49,0.375,0.15,0.5755,0.144,0.19,9000
0.49,0.395,0.14,0.549,0.1275,0.15,11
0.49,0.39,0.14,0.707,0.2185,0.18,13
0.49,0.42,0.125,0.609,0.1435,0.22,14
0.49,0.38,0.12,0.529,0.139,0.155,11
0.49,0.39,0.135,0.5785,0.123,0.2,13
0.49,0.38,0.145,0.6725,0.181,0.21,10
0.49,0.39,0.15,0.573,0.124,0.17,21
0.49,0.385,0.15,0.7865,0.14,0.24,23
0.49,0.36,0.11,0.5005,0.107,0.195,17
0.49,0.38,0.14,0.7605,0.167,0.185,10
0.49,0.38,0.14,0.6385,0.142,0.195,13
0.49,0.365,0.13,0.6835,0.1315,0.205,21
0.49,0.385,0.125,0.609,0.096,0.1775,8
0.49,0.385,0.125,0.649,0.124,0.1695,8
0.485,0.36,0.13,0.5415,0.096,0.16,10
0.485,0.395,0.16,0.66,0.128,0.235,14
0.485,0.395,0.14,0.6295,0.127,0.225,14
0.485,0.4,0.135,0.663,0.137,0.2,10
0.485,0.365,0.12,0.5885,0.131,0.175,9
0.485,0.39,0.125,0.591,0.141,0.12,9
0.485,0.355,0.13,0.581,0.132,0.168,12
0.485,0.37,0.13,0.458,0.113,0.136,10
0.485,0.38,0.14,0.673,0.13,0.195,18
0.485,0.38,0.15,0.605,0.14,0.18,15
0.485,0.37,0.14,0.5725,0.1415,0.175,10
0.485,0.355,0.12,0.547,0.1615,0.14,10
0.485,0.375,0.14,0.521,0.123,0.17,8
0.485,0.375,0.135,0.556,0.1315,0.1685,10
0.485,0.355,0.105,0.498,0.096,0.1525,9
0.485,0.37,0.115,0.4785,0.0955,0.129,7
0.48,0.37,0.12,0.514,0.131,0.155,13
0.48,0.375,0.145,0.777,0.13,0.17,9
0.48,0.385,0.135,0.536,0.142,0.173,14
0.48,0.375,0.105,0.525,0.1195,0.155,12
0.48,0.4,0.125,0.759,0.179,0.24,15
0.48,0.365,0.135,0.6395,0.113,0.175,8
0.48,0.375,0.115,0.6765,0.1065,0.17,6
0.48,0.385,0.145,0.64,0.1405,0.1575,6
0.48,0.36,0.1,0.439,0.099,0.115,8
0.475,0.37,0.125,0.5095,0.1125,0.165,9
0.475,0.355,0.12,0.48,0.1015,0.135,8
0.475,0.39,0.12,0.5305,0.1155,0.17,10
0.475,0.375,0.125,0.5785,0.085,0.155,10
0.475,0.375,0.13,0.5175,0.1165,0.17,10
0.475,0.375,0.125,0.593,0.115,0.18,10
0.475,0.35,0.115,0.452,0.092,0.155,11
0.475,0.365,0.115,0.49,0.1235,0.1335,9
0.475,0.36,0.125,0.447,0.081,0.14,9
0.475,0.385,0.145,0.6175,0.108,0.215,14
0.475,0.365,0.125,0.5465,0.1185,0.172,9
0.475,0.37,0.125,0.537,0.1215,0.15,9
0.475,0.36,0.12,0.5915,0.11,0.127,6
0.47,0.37,0.12,0.5795,0.227,0.14,9
0.47,0.36,0.12,0.4775,0.1055,0.15,10
0.47,0.385,0.135,0.5895,0.12,0.17,8
0.47,0.375,0.13,0.523,0.132,0.145,8
0.47,0.37,0.13,0.5225,0.133,0.165,7
0.47,0.365,0.105,0.4205,0.1035,0.14,9
0.47,0.36,0.135,0.501,0.115,0.165,10
0.47,0.35,0.145,0.5175,0.1235,0.18,11
0.47,0.39,0.15,0.6355,0.0885,0.255,9
0.47,0.36,0.13,0.472,0.114,0.15,10
0.47,0.375,0.12,0.5565,0.122,0.195,12
0.47,0.375,0.125,0.5615,0.137,0.18,10
0.47,0.38,0.145,0.5865,0.144,0.185,8
0.47,0.37,0.12,0.4705,0.1055,0.155,12
0.47,0.37,0.14,0.4985,0.1225,0.145,10
0.47,0.355,0.13,0.5465,0.126,0.185,14
0.47,0.345,0.115,0.4885,0.108,0.166,11
0.47,0.355,0.14,0.433,0.095,0.152,12
0.47,0.36,0.13,0.5225,0.1065,0.165,9
0.47,0.35,0.13,0.466,0.099,0.145,11
0.47,0.36,0.145,0.537,0.1375,0.195,15
0.47,0.37,0.18,0.51,0.1285,0.1625,9
0.47,0.375,0.12,0.5805,0.0935,0.169,8
0.47,0.365,0.12,0.612,0.15,0.14,8
0.47,0.365,0.12,0.582,0.092,0.146,8
0.465,0.355,0.105,0.4795,0.124,0.125,8
0.465,0.36,0.105,0.431,0.107,0.175,9
0.465,0.375,0.12,0.471,0.119,0.14,9
0.465,0.35,0.115,0.421,0.091,0.1345,9
0.465,0.38,0.13,0.454,0.08,0.155,11
0.465,0.36,0.105,0.498,0.116,0.14,15
0.465,0.36,0.08,0.488,0.125,0.155,11
0.465,0.35,0.14,0.5755,0.1505,0.19,15
0.465,0.365,0.115,0.467,0.0925,0.113,7
0.465,0.37,0.115,0.534,0.098,0.143,7
0.465,0.345,0.11,0.4415,0.0905,0.12,7
0.465,0.35,0.125,0.482,0.106,0.1095,6
0.46,0.375,0.12,0.4605,0.11,0.15,7
0.46,0.355,0.13,0.517,0.114,0.165,9
0.46,0.35,0.12,0.515,0.108,0.1565,10
0.46,0.38,0.13,0.639,0.1525,0.16,11
0.46,0.425,0.155,0.746,0.152,0.24,8
0.46,0.38,0.135,0.482,0.1225,0.145,10
0.46,0.355,0.13,0.458,0.1055,0.13,13
0.46,0.355,0.14,0.4935,0.133,0.115,13
0.46,0.365,0.125,0.467,0.0945,0.158,10
0.46,0.35,0.12,0.4885,0.105,0.155,11
0.46,0.34,0.135,0.495,0.117,0.185,10
0.46,0.36,0.1,0.4635,0.093,0.115,7
0.46,0.345,0.105,0.449,0.0945,0.1265,7
0.455,0.365,0.095,0.514,0.101,0.15,15
0.455,0.355,0.12,0.4495,0.104,0.15,9
0.455,0.37,0.105,0.4925,0.1245,0.135,9
0.455,0.35,0.14,0.5185,0.1265,0.135,10
0.455,0.35,0.12,0.4835,0.144,0.16,11
0.455,0.34,0.135,0.462,0.158,0.12,9
0.455,0.355,0.125,0.5325,0.126,0.1465,7
0.455,0.375,0.12,0.497,0.1055,0.1295,6
0.45,0.32,0.1,0.381,0.075,0.115,9
0.45,0.355,0.105,0.5225,0.1165,0.145,8
0.45,0.335,0.105,0.425,0.091,0.115,9
0.45,0.345,0.105,0.4115,0.1125,0.135,7
0.45,0.345,0.12,0.4165,0.095,0.135,9
0.45,0.35,0.13,0.46,0.111,0.135,8
0.45,0.36,0.125,0.4995,0.1,0.17,13
0.45,0.355,0.11,0.4585,0.067,0.14,8
0.45,0.35,0.1,0.3675,0.1015,0.12,10
0.45,0.355,0.115,0.479,0.1045,0.15,8
0.45,0.35,0.14,0.474,0.109,0.1275,16
0.45,0.345,0.135,0.443,0.0875,0.1175,14
0.45,0.335,0.14,0.4625,0.076,0.15,14
0.45,0.35,0.145,0.525,0.1,0.1655,15
0.45,0.34,0.13,0.3715,0.0795,0.105,9
0.45,0.355,0.12,0.412,0.0665,0.16,19
0.45,0.35,0.145,0.5425,0.123,0.175,13
0.45,0.38,0.165,0.8165,0.1915,0.265,23
0.45,0.335,0.125,0.349,0.1055,0.115,10
0.45,0.35,0.13,0.547,0.1405,0.1405,8
0.45,0.36,0.13,0.478,0.127,0.137,7
0.45,0.355,0.105,0.4445,0.093,0.1335,8
0.45,0.345,0.11,0.47,0.0855,0.1135,7
0.45,0.335,0.105,0.447,0.153,0.119,7
0.445,0.35,0.12,0.4425,0.0955,0.135,8
0.445,0.325,0.125,0.455,0.1125,0.14,9
0.445,0.355,0.15,0.485,0.125,0.155,11
0.445,0.35,0.115,0.3615,0.0695,0.117,8
0.445,0.33,0.12,0.347,0.084,0.105,11
0.445,0.33,0.105,0.4525,0.103,0.123,9
0.445,0.345,0.09,0.3795,0.074,0.125,10
0.445,0.335,0.1,0.4895,0.086,0.1105,7
0.445,0.325,0.1,0.378,0.1,0.089,7
0.445,0.335,0.11,0.4355,0.1095,0.1195,6
0.445,0.35,0.13,0.4195,0.0945,0.1195,7
0.44,0.365,0.125,0.516,0.114,0.155,10
0.44,0.34,0.1,0.451,0.087,0.13,10
0.44,0.34,0.105,0.402,0.0955,0.165,10
0.44,0.35,0.125,0.4035,0.063,0.129,9
0.44,0.34,0.14,0.482,0.1085,0.16,9
0.44,0.35,0.135,0.435,0.083,0.125,12
0.44,0.345,0.12,0.365,0.083,0.11,7
0.44,0.345,0.1,0.366,0.0905,0.12,13
0.44,0.355,0.115,0.415,0.0925,0.131,14
0.44,0.34,0.105,0.364,0.0805,0.1175,8
0.44,0.345,0.17,0.4085,0.0825,0.1515,12
0.44,0.345,0.12,0.487,0.108,0.16,14
0.44,0.335,0.11,0.394,0.096,0.122,9
0.44,0.34,0.13,0.4195,0.1155,0.13,10
0.44,0.365,0.115,0.501,0.084,0.1465,9
0.44,0.345,0.13,0.4495,0.0835,0.134,6
0.44,0.325,0.09,0.35,0.067,0.105,7
0.435,0.395,0.105,0.3635,0.098,0.13,9
0.435,0.32,0.08,0.3325,0.0635,0.105,9
0.435,0.34,0.11,0.3795,0.085,0.12,8
0.435,0.325,0.11,0.4335,0.0985,0.155,7
0.435,0.335,0.11,0.38,0.086,0.11,9
0.435,0.33,0.125,0.406,0.1055,0.096,12
0.435,0.325,0.115,0.3915,0.094,0.12,7
0.435,0.325,0.12,0.3995,0.061,0.1125,8
0.435,0.34,0.115,0.3925,0.078,0.1145,6
0.43,0.35,0.11,0.406,0.081,0.135,10
0.43,0.34,0.12,0.3575,0.0645,0.1045,9
0.43,0.34,0.12,0.391,0.095,0.1405,7
0.43,0.325,0.115,0.3865,0.1065,0.11,11
0.43,0.335,0.12,0.444,0.1145,0.14,13
0.43,0.325,0.1,0.3645,0.0825,0.105,7
0.43,0.325,0.09,0.425,0.087,0.095,7
0.425,0.3,0.095,0.3515,0.0775,0.12,8
0.425,0.325,0.095,0.3785,0.08,0.1,7
0.425,0.35,0.105,0.393,0.063,0.165,9
0.425,0.33,0.115,0.406,0.081,0.1355,8
0.425,0.38,0.105,0.3265,0.0785,0.1,10
0.425,0.345,0.125,0.425,0.0795,0.154,13
0.425,0.335,0.095,0.322,0.061,0.125,10
0.425,0.345,0.11,0.3665,0.081,0.117,11
0.425,0.33,0.13,0.4405,0.0935,0.155,9
0.425,0.325,0.1,0.398,0.0645,0.0945,6
0.425,0.34,0.1,0.382,0.096,0.1,6
0.425,0.315,0.1,0.377,0.072,0.105,6
0.42,0.335,0.115,0.369,0.071,0.12,8
0.42,0.325,0.115,0.2885,0.057,0.1135,15
0.42,0.32,0.115,0.376,0.092,0.1,5
0.42,0.315,0.1,0.3435,0.0795,0.09,6
0.415,0.325,0.105,0.38,0.0785,0.12,12
0.415,0.305,0.13,0.32,0.0755,0.105,8
0.415,0.325,0.1,0.3215,0.0595,0.105,10
0.415,0.31,0.11,0.2965,0.057,0.0995,10
0.415,0.345,0.135,0.3865,0.07,0.148,13
0.415,0.34,0.13,0.3675,0.0885,0.12,10
0.415,0.325,0.14,0.417,0.1015,0.144,10
0.415,0.32,0.11,0.3735,0.0755,0.109,7
0.415,0.305,0.1,0.325,0.0505,0.091,6
0.415,0.33,0.09,0.3595,0.081,0.09,6
0.41,0.325,0.105,0.3635,0.077,0.12,10
0.41,0.32,0.115,0.387,0.1005,0.0985,11
0.41,0.305,0.1,0.363,0.065,0.11,11
0.41,0.325,0.1,0.394,0.0655,0.106,6
0.41,0.31,0.09,0.339,0.0695,0.09,7
0.41,0.305,0.09,0.3535,0.0745,0.1,7
0.41,0.31,0.09,0.3335,0.061,0.091,6
0.405,0.31,0.1,0.385,0.0915,0.11,7
0.405,0.305,0.085,0.2605,0.0595,0.085,8
0.405,0.325,0.11,0.3555,0.063,0.117,9
0.405,0.3,0.12,0.324,0.07,0.11,7
0.405,0.305,0.095,0.3485,0.0895,0.1,9
0.405,0.31,0.12,0.3095,0.058,0.095,13
0.405,0.305,0.12,0.3185,0.0905,0.095,7
0.4,0.32,0.095,0.303,0.06,0.1,7
0.4,0.32,0.11,0.353,0.0985,0.1,8
0.4,0.3,0.11,0.315,0.067,0.12,9
0.4,0.325,0.12,0.3185,0.0565,0.095,8
0.4,0.29,0.115,0.2795,0.0575,0.075,9
0.4,0.3,0.125,0.417,0.09,0.1175,9
0.4,0.305,0.085,0.297,0.0705,0.1,10
0.4,0.31,0.1,0.306,0.06,0.094,6
0.395,0.295,0.1,0.2715,0.0325,0.085,10
0.395,0.295,0.095,0.2245,0.054,0.08,10
0.395,0.315,0.105,0.3515,0.091,0.1195,16
0.395,0.295,0.115,0.316,0.0595,0.1105,12
0.39,0.295,0.095,0.203,0.045,0.075,7
0.39,0.29,0.125,0.3055,0.082,0.09,7
0.39,0.31,0.1,0.302,0.064,0.115,11
0.39,0.3,0.09,0.3055,0.0645,0.085,9
0.39,0.3,0.1,0.265,0.06,0.0865,13
0.385,0.295,0.085,0.2535,0.0575,0.085,7
0.385,0.29,0.085,0.2505,0.061,0.08,8
0.385,0.31,0.1,0.2845,0.075,0.1,11
0.385,0.305,0.095,0.252,0.055,0.09,14
0.385,0.3,0.095,0.24,0.059,0.085,9
0.385,0.315,0.11,0.286,0.0635,0.0835,10
0.385,0.285,0.105,0.2905,0.0685,0.0875,12
0.385,0.275,0.115,0.2685,0.0825,0.085,8
0.385,0.28,0.125,0.244,0.038,0.085,6
0.385,0.29,0.095,0.312,0.0635,0.086,6
0.385,0.3,0.1,0.2895,0.063,0.09,7
0.385,0.265,0.08,0.251,0.037,0.07,6
0.38,0.275,0.1,0.2255,0.049,0.085,10
0.38,0.285,0.1,0.2665,0.061,0.075,11
0.38,0.29,0.105,0.257,0.051,0.085,10
0.38,0.305,0.095,0.2815,0.0525,0.09,8
0.38,0.235,0.1,0.258,0.054,0.08,7
0.38,0.305,0.105,0.281,0.0615,0.09,12
0.38,0.29,0.12,0.283,0.0655,0.085,9
0.38,0.275,0.095,0.1375,0.0585,0.0605,7
0.375,0.275,0.09,0.238,0.0545,0.07,6
0.375,0.285,0.095,0.253,0.0575,0.0925,9
0.375,0.305,0.115,0.2715,0.074,0.09,8
0.375,0.29,0.115,0.2705,0.066,0.0885,10
0.375,0.3,0.1,0.2465,0.0475,0.083,11
0.375,0.28,0.09,0.215,0.06,0.055,6
0.37,0.265,0.075,0.214,0.051,0.07,6
0.37,0.28,0.095,0.2655,0.052,0.08,7
0.37,0.28,0.105,0.234,0.0585,0.075,9
0.37,0.28,0.1,0.252,0.0595,0.074,8
0.37,0.29,0.115,0.25,0.057,0.075,9
0.37,0.285,0.1,0.228,0.0675,0.081,10
0.37,0.28,0.11,0.2305,0.0465,0.075,10
0.37,0.275,0.1,0.2225,0.026,0.08,8
0.37,0.275,0.1,0.2295,0.0465,0.07,7
0.37,0.275,0.1,0.22,0.045,0.065,7
0.37,0.275,0.14,0.2215,0.0455,0.0615,6
0.37,0.29,0.095,0.249,0.058,0.067,6
0.37,0.28,0.095,0.2865,0.069,0.0795,7
0.365,0.295,0.08,0.2555,0.043,0.1,7
0.365,0.27,0.085,0.205,0.0485,0.07,7
0.365,0.295,0.095,0.25,0.0545,0.08,9
0.365,0.26,0.115,0.218,0.0445,0.07,9
0.365,0.275,0.135,0.24,0.0445,0.0735,7
0.36,0.265,0.095,0.2315,0.046,0.075,7
0.36,0.28,0.08,0.1755,0.0505,0.07,6
0.36,0.26,0.09,0.1785,0.037,0.075,7
0.36,0.275,0.085,0.1975,0.0415,0.07,9
0.36,0.285,0.105,0.2415,0.057,0.075,7
0.36,0.27,0.1,0.217,0.0495,0.0715,6
0.36,0.295,0.105,0.241,0.053,0.095,8
0.36,0.28,0.09,0.2255,0.04,0.09,8
0.36,0.275,0.095,0.217,0.0435,0.09,7
0.36,0.275,0.11,0.2335,0.0525,0.085,10
0.36,0.28,0.105,0.199,0.045,0.08,9
0.36,0.27,0.09,0.1885,0.0385,0.055,5
0.36,0.295,0.1,0.2105,0.0525,0.075,9
0.36,0.295,0.13,0.2765,0.057,0.1005,10
0.36,0.265,0.09,0.2065,0.057,0.06,8
0.36,0.3,0.085,0.27,0.064,0.0745,7
0.355,0.28,0.085,0.2905,0.0395,0.115,7
0.355,0.28,0.095,0.2455,0.062,0.075,11
0.355,0.29,0.09,0.3275,0.086,0.09,9
0.355,0.275,0.085,0.22,0.06,0.15,8
0.355,0.275,0.09,0.251,0.053,0.08,7
0.355,0.265,0.09,0.168,0.041,0.063,8
0.355,0.26,0.085,0.1905,0.0485,0.055,6
0.355,0.265,0.085,0.201,0.053,0.0695,8
0.35,0.265,0.09,0.2255,0.0485,0.07,7
0.35,0.26,0.095,0.211,0.056,0.068,7
0.35,0.26,0.085,0.174,0.0345,0.06,10
0.35,0.275,0.11,0.2925,0.0635,0.0905,8
0.35,0.255,0.065,0.179,0.0385,0.06,10
0.35,0.265,0.09,0.1775,0.042,0.068,12
0.35,0.255,0.08,0.1915,0.0385,0.063,9
0.35,0.27,0.09,0.2055,0.0575,0.062,6
0.35,0.25,0.07,0.18,0.048,0.054,6
0.345,0.255,0.09,0.2005,0.0295,0.063,9
0.345,0.27,0.11,0.2135,0.0545,0.07,7
0.345,0.275,0.095,0.1995,0.0535,0.07,6
0.345,0.25,0.09,0.203,0.059,0.055,6
0.345,0.27,0.09,0.195,0.0455,0.059,9
0.345,0.255,0.08,0.169,0.0425,0.054,10
0.345,0.26,0.09,0.207,0.0435,0.0765,10
0.345,0.27,0.095,0.197,0.05,0.07,9
0.345,0.265,0.1,0.2455,0.0535,0.065,7
0.34,0.26,0.08,0.2,0.0555,0.055,6
0.34,0.265,0.085,0.1835,0.046,0.065,10
0.34,0.25,0.075,0.1785,0.0455,0.045,5
0.34,0.25,0.07,0.2225,0.0425,0.055,7
0.335,0.25,0.09,0.181,0.0415,0.06,7
0.335,0.265,0.105,0.222,0.056,0.075,7
0.335,0.26,0.1,0.192,0.0585,0.07,8
0.335,0.245,0.09,0.1665,0.04,0.06,6
0.335,0.25,0.08,0.183,0.04,0.0575,6
0.335,0.25,0.075,0.1825,0.044,0.055,7
0.33,0.255,0.08,0.205,0.0395,0.055,7
0.33,0.255,0.085,0.1655,0.039,0.06,8
0.33,0.25,0.105,0.1715,0.035,0.06,7
0.33,0.255,0.095,0.172,0.0255,0.06,6
0.33,0.255,0.095,0.1875,0.045,0.06,7
0.33,0.215,0.075,0.1145,0.0265,0.035,6
0.33,0.265,0.085,0.196,0.0305,0.0445,6
0.325,0.245,0.07,0.161,0.0255,0.045,6
0.325,0.26,0.09,0.1915,0.036,0.062,7
0.325,0.23,0.09,0.147,0.034,0.045,4
0.325,0.24,0.075,0.155,0.0355,0.06,9
0.325,0.24,0.085,0.173,0.038,0.05,7
0.325,0.25,0.08,0.176,0.0355,0.063,7
0.325,0.25,0.08,0.1735,0.0345,0.049,7
0.325,0.24,0.075,0.187,0.0445,0.05,6
0.32,0.245,0.08,0.1585,0.0325,0.05,13
0.32,0.255,0.1,0.1755,0.0415,0.065,7
0.32,0.245,0.075,0.1555,0.038,0.049,11
0.32,0.24,0.085,0.17,0.047,0.049,7
0.32,0.24,0.09,0.1575,0.0265,0.0425,5
0.315,0.21,0.06,0.125,0.0375,0.035,5
0.315,0.245,0.085,0.1435,0.0475,0.05,8
0.315,0.23,0.09,0.1285,0.04,0.04,7
0.315,0.25,0.09,0.203,0.037,0.0795,11
0.315,0.24,0.085,0.1715,0.0345,0.0535,7
0.315,0.235,0.075,0.1485,0.0375,0.0425,6
0.315,0.23,0.07,0.144,0.0305,0.04,8
0.31,0.235,0.07,0.151,0.0405,0.045,6
0.31,0.22,0.085,0.146,0.0365,0.045,6
0.31,0.225,0.075,0.1295,0.0335,0.044,9
0.31,0.225,0.08,0.1345,0.024,0.05,7
0.305,0.23,0.08,0.156,0.0345,0.048,7
0.305,0.245,0.075,0.156,0.038,0.045,7
0.305,0.22,0.07,0.141,0.031,0.037,5
0.3,0.23,0.08,0.1275,0.0265,0.04,8
0.3,0.22,0.08,0.121,0.042,0.035,5
0.3,0.235,0.08,0.131,0.0265,0.043,4
0.3,0.23,0.095,0.1385,0.0365,0.037,4
0.295,0.225,0.08,0.124,0.032,0.04,9
0.295,0.215,0.085,0.128,0.034,0.04,6
0.295,0.215,0.075,0.129,0.0295,0.04,7
0.295,0.225,0.09,0.1105,0.0245,0.032,7
0.295,0.23,0.08,0.1625,0.05,0.0385,5
0.29,0.225,0.07,0.101,0.0235,0.035,8
0.29,0.23,0.075,0.1165,0.0255,0.04,7
0.29,0.205,0.07,0.0975,0.019,0.035,8
0.28,0.205,0.08,0.127,0.039,0.042,9
0.28,0.21,0.085,0.1065,0.0295,0.03,4
0.28,0.2,0.08,0.0915,0.0215,0.03,5
0.28,0.21,0.08,0.1085,0.0265,0.0345,7
0.28,0.205,0.1,0.1165,0.0285,0.03,5
0.28,0.205,0.055,0.1135,0.0275,0.0335,7
0.28,0.205,0.07,0.1015,0.03,0.03,6
0.28,0.12,0.075,0.117,0.029,0.0345,4
0.275,0.215,0.075,0.1155,0.029,0.035,7
0.275,0.205,0.075,0.1105,0.0285,0.035,6
0.275,0.195,0.07,0.08,0.0215,0.025,5
0.275,0.205,0.07,0.094,0.02,0.0325,5
0.275,0.2,0.065,0.1035,0.0205,0.03,7
0.27,0.195,0.06,0.073,0.0235,0.03,5
0.27,0.2,0.07,0.1,0.0245,0.035,5
0.27,0.2,0.08,0.1205,0.028,0.04,6
0.27,0.195,0.08,0.1,0.0195,0.03,6
0.265,0.2,0.065,0.0975,0.0205,0.028,7
0.265,0.21,0.06,0.0965,0.022,0.03,5
0.265,0.205,0.07,0.1055,0.041,0.035,5
0.26,0.2,0.07,0.092,0.02,0.03,6
0.255,0.195,0.07,0.0735,0.02,0.025,6
0.255,0.195,0.065,0.08,0.018,0.027,8
0.255,0.18,0.065,0.079,0.014,0.025,5
0.255,0.19,0.075,0.0865,0.0205,0.025,5
0.255,0.185,0.06,0.088,0.021,0.023,5
0.255,0.19,0.05,0.083,0.0215,0.027,6
0.255,0.18,0.055,0.083,0.0215,0.02,4
0.25,0.19,0.06,0.0765,0.0115,0.0245,6
0.245,0.19,0.06,0.086,0.014,0.025,4
0.245,0.195,0.06,0.095,0.0245,0.026,4
0.24,0.175,0.045,0.07,0.0235,0.02,5
0.24,0.185,0.07,0.0715,0.018,0.025,6
0.24,0.175,0.055,0.0705,0.014,0.021,5
0.24,0.175,0.065,0.0665,0.0135,0.017,3
0.235,0.16,0.04,0.048,0.018,0.015,5
0.235,0.175,0.04,0.0705,0.015,0.02,5
0.235,0.16,0.06,0.0545,0.0095,0.015,4
0.235,0.17,0.055,0.0515,0.0105,0.0195,7
0.235,0.175,0.055,0.067,0.0125,0.018,6
0.23,0.175,0.065,0.0645,0.0105,0.02,5
0.225,0.16,0.045,0.0465,0.015,0.015,4
0.22,0.165,0.055,0.0545,0.012,0.02,5
0.215,0.155,0.06,0.0525,0.0165,0.015,5
0.21,0.15,0.05,0.042,0.0125,0.015,4
0.21,0.15,0.05,0.0385,0.0085,0.01,3
0.205,0.15,0.055,0.042,0.015,0.012,5
0.205,0.155,0.045,0.0425,0.0055,0.0155,7
0.205,0.14,0.05,0.046,0.012,0.0135,6
0.2,0.145,0.06,0.037,0.0095,0.011,4
0.2,0.14,0.055,0.035,0.008,0.01,5
0.195,0.145,0.05,0.032,0.008,0.012,4
0.19,0.145,0.04,0.038,0.0065,0.015,4
0.18,0.125,0.035,0.0265,0.0055,0.0085,4
0.175,0.13,0.055,0.0315,0.0065,0.0125,5
0.175,0.125,0.05,0.0235,0.0035,0.008,5
0.175,0.125,0.04,0.024,0.006,0.005,4
0.17,0.13,0.095,0.03,0.008,0.01,4
0.165,0.12,0.03,0.0215,0.005,0.005,3
0.165,0.11,0.02,0.019,0.0025,0.005,4
0.16,0.12,0.035,0.021,0.0045,0.005,5
0.16,0.11,0.025,0.018,0.0055,0.005,3
0.155,0.11,0.04,0.0155,0.003,0.005,3
0.155,0.105,0.05,0.0175,0.0035,0.005,4
0.15,0.1,0.025,0.015,0.004,0.005,2
0.13,0.1,0.03,0.013,0.003,0.004,3
0.11,0.09,0.03,0.008,0.002,0.003,3
0.075,0.055,0.01,0.002,0.0005,0.0015,1
